Index,File_name,Link_news,Topic,Date,%Syntetic
9,ElDizque.com-logo-blanco-600x360.png,https://www.eldizque.com/el-consentimiento-sexual-debera-de-ser-por-escrito/,Society,2020,95.93
65,asd.png,https://tiempo.hn/mexicana-detenida-vender-tamales-carne-humana/amp/,Security,2023,52.49
65,amp.png,https://tiempo.hn/mexicana-detenida-vender-tamales-carne-humana/amp/,Security,2023,99.99
92,Cubs-CM-Punk-1024x591.png,https://www.eldizque.com/los-cachorros-de-chicago-se-deslindan-de-cm-punk/,Sport,2016,75.16
115,Cubs-Cruz-Azul-1024x591.png,https://www.eldizque.com/los-cachorros-de-chicago-se-deslindan-del-cruz-azul/,Sport,2016,93.08
198,Santo-y-Blue-Demon-pierden-las-mascaras-1024x591.png,https://www.eldizque.com/santo-y-blue-demon-si-perdieron-las-mascaras-y-fue-en-acapulco-hace-50-anos/,Entertainment,2020,98.85
305,1x1.png,https://www.eltiempo.com/elecciones-2022/actualidad-electoral/elecciones-2022-por-que-buscan-a-periodistas-para-formula-vicepresidencial-651661,Politics,2022,55.61
305,eltiempo_logo.png,https://www.eltiempo.com/elecciones-2022/actualidad-electoral/elecciones-2022-por-que-buscan-a-periodistas-para-formula-vicepresidencial-651661,Politics,2022,76.36
308,6NEH465LWFE2XL4EIXUOGTCIEQ.png,https://elpais.com/ideas/2022-02-12/bauman-la-grandeza-de-abordar-las-ideas-de-forma-sencilla.html,Politics,2022,100.0
308,7YNYVD63DZELZEQTZ4PMEBGUAI.png,https://elpais.com/ideas/2022-02-12/bauman-la-grandeza-de-abordar-las-ideas-de-forma-sencilla.html,Politics,2022,99.99
308,46QHWDIXCNBORMD4GCCLL7OX7I.png,https://elpais.com/ideas/2022-02-12/bauman-la-grandeza-de-abordar-las-ideas-de-forma-sencilla.html,Politics,2022,100.0
308,88f5c937-a117-4ecd-91f0-8749eaab3f04.png,https://elpais.com/ideas/2022-02-12/bauman-la-grandeza-de-abordar-las-ideas-de-forma-sencilla.html,Politics,2022,54.11
308,DMMH5XR4S5FGPMLMC4WLRLLAEM.png,https://elpais.com/ideas/2022-02-12/bauman-la-grandeza-de-abordar-las-ideas-de-forma-sencilla.html,Politics,2022,97.47
308,HLHMGXKX55HFPNRZBKYPFRZPHU.png,https://elpais.com/ideas/2022-02-12/bauman-la-grandeza-de-abordar-las-ideas-de-forma-sencilla.html,Politics,2022,100.0
308,HSTLZAST5VCN5H47IN6PPBCSEQ.png,https://elpais.com/ideas/2022-02-12/bauman-la-grandeza-de-abordar-las-ideas-de-forma-sencilla.html,Politics,2022,99.99
308,ITOUJRARGRFRBNXPQVY345PJ74.png,https://elpais.com/ideas/2022-02-12/bauman-la-grandeza-de-abordar-las-ideas-de-forma-sencilla.html,Politics,2022,88.12
308,INACT2MSHBE3TGFL7FWLFEM7IM.png,https://elpais.com/ideas/2022-02-12/bauman-la-grandeza-de-abordar-las-ideas-de-forma-sencilla.html,Politics,2022,89.64
308,ZXUZE5F2I5G5HMOLILXNEHO4WA.png,https://elpais.com/ideas/2022-02-12/bauman-la-grandeza-de-abordar-las-ideas-de-forma-sencilla.html,Politics,2022,100.0
308,YE5CN3BDPJCKHFCSP6K2ML5NVM.png,https://elpais.com/ideas/2022-02-12/bauman-la-grandeza-de-abordar-las-ideas-de-forma-sencilla.html,Politics,2022,99.94
308,XLJMSZJJOFHHLIJXZ4ISAR3RY4.png,https://elpais.com/ideas/2022-02-12/bauman-la-grandeza-de-abordar-las-ideas-de-forma-sencilla.html,Politics,2022,100.0
308,RUSSWSBFO5HTHCADGPP36KBURM.png,https://elpais.com/ideas/2022-02-12/bauman-la-grandeza-de-abordar-las-ideas-de-forma-sencilla.html,Politics,2022,80.91
308,RLQT5FLXJRAYTKPVHDM4A56MSQ.png,https://elpais.com/ideas/2022-02-12/bauman-la-grandeza-de-abordar-las-ideas-de-forma-sencilla.html,Politics,2022,100.0
308,QZXESWTOOZEHZEUQBZN67SX7Q4.png,https://elpais.com/ideas/2022-02-12/bauman-la-grandeza-de-abordar-las-ideas-de-forma-sencilla.html,Politics,2022,97.64
308,QGPMFTFOMZCYZPCP3XRZXEIVBA.png,https://elpais.com/ideas/2022-02-12/bauman-la-grandeza-de-abordar-las-ideas-de-forma-sencilla.html,Politics,2022,69.17
308,JQ5IEHSWMFGLTHWBHT7LJJ3DAQ.png,https://elpais.com/ideas/2022-02-12/bauman-la-grandeza-de-abordar-las-ideas-de-forma-sencilla.html,Politics,2022,99.97
308,POXPQOISVREJDF5MH7DSZLFEMY.png,https://elpais.com/ideas/2022-02-12/bauman-la-grandeza-de-abordar-las-ideas-de-forma-sencilla.html,Politics,2022,97.01
308,EZ3GYDHQVBB65AXAAL33ISUPO4.png,https://elpais.com/ideas/2022-02-12/bauman-la-grandeza-de-abordar-las-ideas-de-forma-sencilla.html,Politics,2022,71.15
321,2QCEOEKYORBUHMRX2CLUTKB3MU.png,https://elpais.com/opinion/2022-02-16/georgina.html,Politics,2022,97.4
321,XF3K7YMMXZBKDBVA746HEAVFMM.png,https://elpais.com/opinion/2022-02-16/georgina.html,Politics,2022,83.9
329,16450357847817.png,https://www.expansion.com/opinion/2022/02/16/620d413ee5fdeabc7e8b4602.html,Politics,2022,90.48
329,loading-icon.png,https://www.expansion.com/opinion/2022/02/16/620d413ee5fdeabc7e8b4602.html,Politics,2022,60.35
331,16445985488136.png,https://www.expansion.com/opinion/2022/02/14/62068fc6e5fdea9a438b467a.html,Politics,2022,61.97
335,medidas_4-movil.png,https://elpais.com/sociedad/2022-02-12/esto-es-lo-que-tardarias-en-contagiarte-de-covid-con-cada-tipo-de-mascarilla.html,Politics,2022,85.67
335,LJJ2DEURJFDADPCCXY6V3O6ZGQ.png,https://elpais.com/sociedad/2022-02-12/esto-es-lo-que-tardarias-en-contagiarte-de-covid-con-cada-tipo-de-mascarilla.html,Politics,2022,83.75
335,medidas_4-movil2.png,https://elpais.com/sociedad/2022-02-12/esto-es-lo-que-tardarias-en-contagiarte-de-covid-con-cada-tipo-de-mascarilla.html,Politics,2022,75.58
340,JB4AEO4EGRTJBA7RS3RPEEP524.png,https://elpais.com/cultura/2022-02-17/rutu-modan-dibujante-de-comics-israel-mira-al-pasado-y-al-futuro-pero-no-sabe-lidiar-con-el-presente.html,Politics,2022,81.3
340,5BNCCWHPENFOFFJTXVG6H273OE.png,https://elpais.com/cultura/2022-02-17/rutu-modan-dibujante-de-comics-israel-mira-al-pasado-y-al-futuro-pero-no-sabe-lidiar-con-el-presente.html,Politics,2022,99.93
347,P7ZYESOIDJCQUDJJQUK6LY5VRM.png,https://elpais.com/clima-y-medio-ambiente/2022-02-15/un-intenso-trafico-de-residuos-peligrosos-hacia-espana.html,Politics,2022,99.16
348,2BAROHZ26VF25MMSKJ6KTBPXJM.png,https://elpais.com/television/2022-02-17/no-matan-los-libros-matan-las-escopetas.html,Politics,2022,99.53
349,6206b6d04c82c.png,https://www.eltiempo.com/elecciones-2022/congreso/tiktokers-lanzan-maraton-de-entrevistas-a-mas-de-80-candidatos-al-congreso-651059,Politics,2022,99.92
352,2RZKCHYL2VGHPNYXJC2P53BURE.png,https://elpais.com/mexico/opinion/2022-02-17/y-ademas-de-todo-violaria-el-tmec.html,Politics,2022,73.55
355,CYDSRHS5QWQD3N5QGHHJ4ITYGA.png,https://elpais.com/gente/2022-02-16/la-guerra-entre-kim-kardashian-y-kanye-west-salpica-a-su-hija-mayor.html,Politics,2022,88.34
355,5YQQH7L7HMBIWP2GK3UICQDQJM.png,https://elpais.com/gente/2022-02-16/la-guerra-entre-kim-kardashian-y-kanye-west-salpica-a-su-hija-mayor.html,Politics,2022,99.76
360,LKHDTR4JGVFZTOZNID2ASPV35Q.png,https://elpais.com/television/2022-02-16/agua-seca-lisboa-vigo-y-el-trafico-de-armas.html,Politics,2022,93.95
360,LWH53MVCKFFLFC5FCCO4UIF3XY.png,https://elpais.com/television/2022-02-16/agua-seca-lisboa-vigo-y-el-trafico-de-armas.html,Politics,2022,96.0
366,johnson-Mayorga.png,https://diario.elmundo.sv/Política/embajador-johnson-nombramiento-de-milena-mayorga-facilitara-cooperacion,Politics,2020,56.01
370,Victor-Corcoba-Herrero-1.png,https://www.diariocolatino.com/senadores-piden-a-la-administracion-biden-informe-sobre-la-adopcion-del-bitcoin-en-el-salvador/?utm_source=rss&utm_medium=rss&utm_campaign=senadores-piden-a-la-administracion-biden-informe-sobre-la-adopcion-del-bitcoin-en-el-salvador,Politics,2022,86.35
370,punto105.png,https://www.diariocolatino.com/senadores-piden-a-la-administracion-biden-informe-sobre-la-adopcion-del-bitcoin-en-el-salvador/?utm_source=rss&utm_medium=rss&utm_campaign=senadores-piden-a-la-administracion-biden-informe-sobre-la-adopcion-del-bitcoin-en-el-salvador,Politics,2022,99.65
375,Fideicomisos-sector-agropecuarios.png,https://diario.elmundo.sv/Política/plan-de-rescate-agropecuario-requiere-fideicomisos,Politics,2021,77.8
380,Mauricio-Vargas-y-Ricardo-Velasquez-Parker.png,https://diario.elmundo.sv/Política/polemica-entre-el-gobierno-y-la-asamblea-por-criterio-de-diputados-en-antejuicio-contra-arriaza,Politics,2020,91.14
384,CNDFWKMXYROAFLWWKODO5EQADY.png,https://elcomidista.elpais.com/elcomidista/2022/02/07/receta/1644228161_100926.html,Politics,2022,70.52
386,Jose-Luis-Escobar-Alas.png,https://diario.elmundo.sv/Política/arzobispado-pide-no-comprometer-agua-ni-cantidad-ni-plazo-a-privados,Politics,2021,99.63
388,AIAZQPHXJFDDVGGSLG2FSE4N3U.png,https://elpais.com/opinion/2022-02-17/emma-thompson-jefaza.html,Politics,2022,99.97
388,AQQGN2AEGFGJBIJHJOAZDPHFJI.png,https://elpais.com/opinion/2022-02-17/emma-thompson-jefaza.html,Politics,2022,91.06
393,Jose-Collazo-Handal.png,https://diario.elmundo.sv/Política/gobierno-pide-agil-aprobacion-para-asocios-publico-privados,Politics,2021,96.9
394,PYYHHONH4BGQTOC2DHAVCE4AME.png,https://elpais.com/cultura/2022-02-16/el-guernica-del-siglo-xxi-pesa-38-toneladas.html,Politics,2022,99.97
394,FHMZX7RSVFGHIGPXMYQWO4RJXU.png,https://elpais.com/cultura/2022-02-16/el-guernica-del-siglo-xxi-pesa-38-toneladas.html,Politics,2022,99.71
404,WP5EIAEBOROCVB5YUY6LRS2QIE.png,https://elcomidista.elpais.com/elcomidista/2022/02/03/articulo/1643884965_490645.html,Politics,2022,72.11
404,WL7ZUVALJVKZTPFDQM3O75WROI.png,https://elcomidista.elpais.com/elcomidista/2022/02/03/articulo/1643884965_490645.html,Politics,2022,94.91
404,XKUFH4Z7JZMVBJMH2AR6SGX4BI.png,https://elcomidista.elpais.com/elcomidista/2022/02/03/articulo/1643884965_490645.html,Politics,2022,99.98
404,U2OE45T6T5PY7KLTGHEKKU7LL4.png,https://elcomidista.elpais.com/elcomidista/2022/02/03/articulo/1643884965_490645.html,Politics,2022,99.88
406,amlo-supervisa-obra-estadio-hector-2_0_53_1200_747.jpeg.webp,https://www.milenio.com/politica/rene-residente-sueno-jugar-beisbol-amlo,Politics,2022,99.92
409,Salvadorenos-TPS.png,https://diario.elmundo.sv/Política/permisos-para-salvadorenos-tps-vigentes-al-menos-hasta-noviembre-2021,Politics,2020,97.6
418,VLDLYITMCZRXQH2ZWAKW2VVWNU.png,https://elpais.com/clima-y-medio-ambiente/2022-02-15/las-reservas-de-agua-siguen-cayendo-en-espana-sin-que-se-esperen-lluvias-suficientes-en-febrero-para-remediarlo.html,Politics,2022,93.28
428,5cabce4d0a554.png,https://www.eltiempo.com/elecciones-2022/partidos/jose-daniel-lopez-confia-en-que-vargas-lleras-sea-candidato-650986,Politics,2022,99.3
429,5.png,https://diario.elmundo.sv/Política/renuncian-instituciones-privadas-del-comite-del-fondo-de-emergencia,Politics,2020,99.76
429,1-1.png,https://diario.elmundo.sv/Política/renuncian-instituciones-privadas-del-comite-del-fondo-de-emergencia,Politics,2020,91.46
429,2-Competencias.png,https://diario.elmundo.sv/Política/renuncian-instituciones-privadas-del-comite-del-fondo-de-emergencia,Politics,2020,99.98
429,3.png,https://diario.elmundo.sv/Política/renuncian-instituciones-privadas-del-comite-del-fondo-de-emergencia,Politics,2020,99.95
429,4.png,https://diario.elmundo.sv/Política/renuncian-instituciones-privadas-del-comite-del-fondo-de-emergencia,Politics,2020,99.88
430,ELSUUIHQ4RELDKLOWFWPVCATVM.png,https://elpais.com/gente/2022-02-16/linda-evangelista-habla-tras-su-problema-estetico-no-me-miro-al-espejo-no-soy-yo.html,Politics,2022,99.05
430,RRGG7YWHYNE7JHJQBIHTOPIMJA.png,https://elpais.com/gente/2022-02-16/linda-evangelista-habla-tras-su-problema-estetico-no-me-miro-al-espejo-no-soy-yo.html,Politics,2022,97.33
435,Jim-McGovern-Norma-Torres-EEUU-1.png,https://diario.elmundo.sv/Política/congresistas-de-eeuu-urgen-a-diputados-discutir-ley-de-agentes-extranjeros-con-oeneges,Politics,2021,90.82
436,Comision-Ley-de-Reconciliacion.png,https://diario.elmundo.sv/Política/senalan-amnistia-disfrazada-en-ley,Politics,2020,84.22
438,contrata-ine-capacitadores-electorales.jpg.webp,https://www.milenio.com/politica/comunidad/busca-ine-tampico-ciudadania-participe-revocacion-mandato,Politics,2022,99.53
444,Dinero.png,https://diario.elmundo.sv/Política/gobierno-pide-reorientar-excedentes-y-ahorros-en-salud-y-educacion-hacia-donde,Politics,2021,99.92
445,Dania-Gonza%CC%81lez.png,https://diario.elmundo.sv/Política/dania-gonzalez-no-vamos-a-aceptar-ninguna-ley-creada-en-esos-tanques-de-pensamiento,Politics,2021,77.54
446,TCNRNJQ4XN4TRGJDQU65SQ7J4U.png,https://elpais.com/espana/2022-02-16/ramontxu-sobremesa-y-un-jamon-antidotos-contra-la-soledad.html,Politics,2022,77.41
446,B3Z364Y3CZH2RJHNVJWSKWLNVM.png,https://elpais.com/espana/2022-02-16/ramontxu-sobremesa-y-un-jamon-antidotos-contra-la-soledad.html,Politics,2022,96.73
457,3M5MG6MPYVAZXMQU4KD4FZWO54.png,https://elpais.com/cultura/2022-02-17/oscar-martinez-si-no-trasciendes-el-ego-como-actor-te-conviertes-en-un-pelele.html,Politics,2022,98.72
466,MSSHK4EWXGILOAIEQDSUVQLVVE.png,https://elpais.com/cultura/2022-02-17/la-hispanic-society-reabre-sus-puertas-y-subraya-la-herencia-mestiza-de-espana-e-iberoamerica.html,Politics,2022,99.38
466,RRILZAWU6VCV3KAEI3G6BQUG64.png,https://elpais.com/cultura/2022-02-17/la-hispanic-society-reabre-sus-puertas-y-subraya-la-herencia-mestiza-de-espana-e-iberoamerica.html,Politics,2022,100.0
466,3P5NRR2H6HHDZEWUDG7XOJBU6I.png,https://elpais.com/cultura/2022-02-17/la-hispanic-society-reabre-sus-puertas-y-subraya-la-herencia-mestiza-de-espana-e-iberoamerica.html,Politics,2022,99.87
466,BUVC2LCOIFFZNNZ42ZCLDN6FKA.png,https://elpais.com/cultura/2022-02-17/la-hispanic-society-reabre-sus-puertas-y-subraya-la-herencia-mestiza-de-espana-e-iberoamerica.html,Politics,2022,99.99
466,CWXDVRSGRNEUBPAJDG7VGCVM7Y.png,https://elpais.com/cultura/2022-02-17/la-hispanic-society-reabre-sus-puertas-y-subraya-la-herencia-mestiza-de-espana-e-iberoamerica.html,Politics,2022,99.88
466,FAWY2PC3BZCQLERCIDIXJTTKSQ.png,https://elpais.com/cultura/2022-02-17/la-hispanic-society-reabre-sus-puertas-y-subraya-la-herencia-mestiza-de-espana-e-iberoamerica.html,Politics,2022,99.88
467,f6793421-4a19-4657-bc90-7ff0619ce5e1_alta-libre-aspect-ratio_default_0.png,https://www.elperiodico.com/es/politica/20220217/villarejo-hizo-negocios-fbi-traves-13250294?utm_source=rss-noticias&amp;utm_medium=feed&amp;utm_campaign=politica,Politics,2022,86.31
469,RDWU4SHFFJBS3KKJGWWFHXJBAA.png,https://elpais.com/planeta-futuro/2022-02-17/hummus-cosmeticos-y-tecnologia-3d-para-una-nueva-vida-en-europa.html,Politics,2022,96.41
469,J3ZDKYBM2VGRDIYIIVMXF2NQJM.png,https://elpais.com/planeta-futuro/2022-02-17/hummus-cosmeticos-y-tecnologia-3d-para-una-nueva-vida-en-europa.html,Politics,2022,99.81
469,6WKANQJAONHHHLTIJB36VXWUHU.png,https://elpais.com/planeta-futuro/2022-02-17/hummus-cosmeticos-y-tecnologia-3d-para-una-nueva-vida-en-europa.html,Politics,2022,99.8
470,XBP2XZKCMBEK7LHQK2QP4ZHUMQ.png,https://elpais.com/icon/cultura/2022-02-16/un-arbol-cruza-el-mar-como-el-hombre-mas-rico-de-georgia-compra-y-transporta-los-arbustos-de-las-fincas-mas-pobres.html,Politics,2022,99.91
470,V263A253Q65UQ7MWFN35UGS3GY.png,https://elpais.com/icon/cultura/2022-02-16/un-arbol-cruza-el-mar-como-el-hombre-mas-rico-de-georgia-compra-y-transporta-los-arbustos-de-las-fincas-mas-pobres.html,Politics,2022,71.46
472,X6Y77JMN3NDBDOJ4QTWOTXZDHQ.png,https://elpais.com/deportes/2022-02-17/matar-a-messi.html,Politics,2022,50.93
472,ZTUL562PYIZWJNJMJV5ILZ6D6Q.png,https://elpais.com/deportes/2022-02-17/matar-a-messi.html,Politics,2022,58.73
473,b24cfc4d-919f-4d88-aa86-70e08e6797fa_alta-libre-aspect-ratio_default_0.png,https://www.elperiodico.com/es/politica/20220217/fiscalia-pide-2-354-anos-13251706?utm_source=rss-noticias&amp;utm_medium=feed&amp;utm_campaign=politica,Politics,2022,99.98
475,DOBKO6GOVRGAJMFCT36RDNH24Q.png,https://elpais.com/espana/2022-02-17/la-fiscalia-pide-2354-anos-de-carcel-para-josu-ternera-por-el-atentado-contra-la-casa-cuartel-de-zaragoza.html,Politics,2022,97.58
475,3JJXYNUR7YXOMVTCF6SKTNJMD4.png,https://elpais.com/espana/2022-02-17/la-fiscalia-pide-2354-anos-de-carcel-para-josu-ternera-por-el-atentado-contra-la-casa-cuartel-de-zaragoza.html,Politics,2022,99.97
475,RRI6VNZFX2NJN2CXJRNMMGG6XU.png,https://elpais.com/espana/2022-02-17/la-fiscalia-pide-2354-anos-de-carcel-para-josu-ternera-por-el-atentado-contra-la-casa-cuartel-de-zaragoza.html,Politics,2022,92.61
478,Duis-en-el-exterior.png,https://diario.elmundo.sv/Política/dan-14-mills-para-imprimir-en-el-extranjero-1-5-millones-de-duis,Politics,2021,99.96
499,Ernesto-Castro.png,https://diario.elmundo.sv/Política/directiva-excluyo-de-agenda-peticion-de-reforma-a-ley-bitcoin,Politics,2021,91.69
501,Mauricio-Arriaza-Chicas-1.png,https://diario.elmundo.sv/Política/director-de-pnc-ira-a-explicar-hechos-del-9-f,Politics,2020,99.32
502,B743Q6VXHVFEVNLEMRQSSGSB3M.png,https://elpais.com/babelia/2022-02-17/el-mitico-dia-en-que-peter-hujar-retrato-a-allen-ginsberg.html,Politics,2022,90.71
502,K3OB4YABZFD53CT4GTLEP27LLM.png,https://elpais.com/babelia/2022-02-17/el-mitico-dia-en-que-peter-hujar-retrato-a-allen-ginsberg.html,Politics,2022,98.38
505,TABAEO4XQ5ATTNPBZE5SJMITEU.png,https://elpais.com/ideas/2022-02-12/zygmunt-bauman-la-agitada-vida-del-pensador-de-la-modernidad-liquida.html,Politics,2022,60.59
505,634JXT4KBNEKPHUGNCI4L7HCXI.png,https://elpais.com/ideas/2022-02-12/zygmunt-bauman-la-agitada-vida-del-pensador-de-la-modernidad-liquida.html,Politics,2022,99.99
505,V2SHXHJLOREGJHG4ZLNYVO6DZI.png,https://elpais.com/ideas/2022-02-12/zygmunt-bauman-la-agitada-vida-del-pensador-de-la-modernidad-liquida.html,Politics,2022,98.93
508,A%CC%81nliker.png,https://diario.elmundo.sv/Política/ministro-de-agricultura-no-llego-a-explicar-compras-por-ser-nexo-de-covid-19,Politics,2020,89.55
509,lourde.png,https://diario.elmundo.sv/Política/diputada-suplente-de-gana-llama-a-defender-la-vida-tras-revelar-que-es-positiva-a-covid-19,Politics,2020,95.06
511,patricia-armendariz-fundadora-financiera-sustentable_0_63_933_581.jpg.webp,https://www.milenio.com/politica/patricia-armendariz-apoya-amlo-pausa-entre-mexico-espana,Politics,2022,99.42
525,OK5R44BEWRFWTOKLREPYAQBEQA.png,https://elpais.com/internacional/2022-02-16/la-politica-en-colombia-sigue-siendo-una-cosa-de-hombres.html,Politics,2022,92.43
529,CYKWOZZ7OZB2RK62KUFLK4WU7I.png,https://elpais.com/mexico/escaparate/2022-02-16/vitamina-c-para-la-cara-beneficios-consejos-y-el-serum-mas-vendido-de-amazon.html,Politics,2022,91.26
529,PE3NFA474JALFMRGJ64UI5RQ2U.png,https://elpais.com/mexico/escaparate/2022-02-16/vitamina-c-para-la-cara-beneficios-consejos-y-el-serum-mas-vendido-de-amazon.html,Politics,2022,99.95
529,XLA6ITSCTRD4BHZFA2UIVU566U.png,https://elpais.com/mexico/escaparate/2022-02-16/vitamina-c-para-la-cara-beneficios-consejos-y-el-serum-mas-vendido-de-amazon.html,Politics,2022,99.74
531,POHQUUW5VPY6ERFG3SWJUSV5CY.png,https://elpais.com/espana/catalunya/2022-02-17/un-ano-perdido-para-proteger-el-delta-del-llobregat.html,Politics,2022,90.92
531,7KZIYKJ2IRDG7OCYDFL5O3742U.png,https://elpais.com/espana/catalunya/2022-02-17/un-ano-perdido-para-proteger-el-delta-del-llobregat.html,Politics,2022,97.57
531,7NKBD7ETW6VOXH35LYR3ZK7MNY.png,https://elpais.com/espana/catalunya/2022-02-17/un-ano-perdido-para-proteger-el-delta-del-llobregat.html,Politics,2022,97.56
532,8b4200fa-da5f-4352-a860-874fc56fdb63.png,https://elpais.com/ideas/2022-02-12/philipp-blom-la-gente-toma-antidepresivos-los-ancianos-mueren-en-soledad-esto-es-una-sociedad-ideal.html,Politics,2022,67.06
539,WCW4ZZH4CBBHZKMXG7RAQTRVU4.png,https://elpais.com/mexico/opinion/2022-02-12/la-doble-diplomacia-de-ebrard.html,Politics,2022,99.33
539,RY5VSVOMNVCKFNVKGJMAHEW2AY.png,https://elpais.com/mexico/opinion/2022-02-12/la-doble-diplomacia-de-ebrard.html,Politics,2022,96.28
541,1842.png,https://diario.elmundo.sv/politica/piden-atencion-medica-permanente-a-pacientes-renales-en-ley-de-trasplantes,Politics,2022,99.15
541,1840.png,https://diario.elmundo.sv/politica/piden-atencion-medica-permanente-a-pacientes-renales-en-ley-de-trasplantes,Politics,2022,94.45
544,5GE7CBJPL5DITFS3VTAG73GPXM.png,https://elpais.com/mexico/2022-02-15/cuauhtemoc-cardenas-no-veo-atropello-de-espana-si-las-empresas-cometieron-delito-que-se-castigue.html,Politics,2022,67.89
546,XDRNCH5IZ5BJPP7SB7JXYORMPU.png,https://elpais.com/cultura/2022-02-16/alcarras-de-carla-simon-gana-el-oso-de-oro-de-berlin-2022.html,Politics,2022,86.21
546,N4C2QEWQQBB5VAABW6LHXTMKZU.png,https://elpais.com/cultura/2022-02-16/alcarras-de-carla-simon-gana-el-oso-de-oro-de-berlin-2022.html,Politics,2022,96.4
547,2784.png,https://diario.elmundo.sv/politica/diputados-viajaran-a-houston-para-abordar-tema-del-voto-en-el-exterior,Politics,2022,66.46
551,7JQBWTOLDRHGXPVPFQLO3F7QJU.png,https://elpais.com/ideas/2022-02-15/ir-a-un-death-cafe-para-hablar-de-la-muerte-ocurre-mas-a-menudo-de-lo-que-piensas.html,Politics,2022,89.16
551,MFA6NGXCFBGILKN5PZ6FXEB2YI.png,https://elpais.com/ideas/2022-02-15/ir-a-un-death-cafe-para-hablar-de-la-muerte-ocurre-mas-a-menudo-de-lo-que-piensas.html,Politics,2022,100.0
554,el-que-la-hace-la.jpg.webp,https://www.milenio.com/politica/heber-lopezez-paga-amlo-periodista-asesinado,Politics,2022,98.56
554,identifican-a-los-asesinos-de_thumb_146_80.jpg,https://www.milenio.com/politica/heber-lopezez-paga-amlo-periodista-asesinado,Politics,2022,92.37
563,icono-lap-editor.jpg,https://www.milenio.com/politica/delgado-4t-saldando-deudas-historicas-grupos-marginados,Politics,2022,99.68
563,delgado-destaco-lopez-obrador-busca_108_27_1091_679.jpg.webp,https://www.milenio.com/politica/delgado-4t-saldando-deudas-historicas-grupos-marginados,Politics,2022,99.98
564,Federico-Anliker-1.png,https://diario.elmundo.sv/Política/las-advertencias-de-federico-anliker-va-a-arder-troya,Politics,2021,99.99
568,27WWAP44UBE35IJDOY572NTHSU.png,https://elpais.com/babelia/2022-02-12/paul-thomas-anderson-recrea-el-beverly-hills-de-la-clase-obrera-en-licorice-pizza.html,Politics,2022,99.87
578,EGNFOHOFXRFF3GKXKFN55HL3FQ.png,https://elpais.com/opinion/2022-02-17/clausewitz-ha-regresado.html,Politics,2022,89.73
579,16446739108665.png,https://www.expansion.com/economia/politica/2022/02/12/6207bba8468aebe07d8b4604.html,Politics,2022,61.84
603,Cannibal-Basement.png,https://dailybuzzlive.com/cannibals-arrested-florida/,Politics,2021,94.83
603,Cannibal-Home.png,https://dailybuzzlive.com/cannibals-arrested-florida/,Politics,2021,90.84
603,Cannibal-Tools.png,https://dailybuzzlive.com/cannibals-arrested-florida/,Politics,2021,50.52
603,61488383a45fe3-43115893.png,https://dailybuzzlive.com/cannibals-arrested-florida/,Politics,2021,99.96
603,61487dbcdf49b6-67656171.png,https://dailybuzzlive.com/cannibals-arrested-florida/,Politics,2021,83.5
603,61487ce55f1c30-68050708.png,https://dailybuzzlive.com/cannibals-arrested-florida/,Politics,2021,63.02
629,trump-docs-worried-trump-20x19.png,http://www.occupydemocrats.com/virginia-republican-wants-schools-to-check-childrens-genitals-before-using-bathroom/,Politics,2016,100.0
629,fuckthiskid-20x19.png,http://www.occupydemocrats.com/virginia-republican-wants-schools-to-check-childrens-genitals-before-using-bathroom/,Politics,2016,99.91
629,6L5C2ONCDFHOTARXM347ASIS2U-20x19.png,http://www.occupydemocrats.com/virginia-republican-wants-schools-to-check-childrens-genitals-before-using-bathroom/,Politics,2016,94.54
669,gwen-4.png,marriedbiography.com/gwen-stefani-finding-the-inspiration-to-have-another-baby-from-janet-jackson-is-the-story-true-find-out-what-gossip-cop-has-to-say-about-it/,Gossip,2023,99.17
677,1x1.trans.png,dailycaller.com/2016/10/05/jennifer-anistons-mothers-caregiver-writing-tell-all-book-to-expose-actress/,Gossip,2016,99.21
710,suki-waterhouse-and-robert-pattinson-attend-the-2023-met-news-photo-1703259910.jpg_crop_0.670xw_1.00xh_0.png,www.womenshealthmag.com/relationships/a19704346/danny-fujikawa-kate-hudson-boyfriend/,Gossip,2023,99.89
710,kate-hudson-nursery-images-1537457864.png,www.womenshealthmag.com/relationships/a19704346/danny-fujikawa-kate-hudson-boyfriend/,Gossip,2023,99.95
710,kaitlyn-bristowe-attends-the-57th-annual-cma-awards-at-news-photo-1704227065.jpg_crop_1.00xw_0.png,www.womenshealthmag.com/relationships/a19704346/danny-fujikawa-kate-hudson-boyfriend/,Gossip,2023,97.21
710,abby-champion-and-patrick-schwarzenegger-attend-prime-news-photo-1704224483.jpg_crop_1.00xw_0.png,www.womenshealthmag.com/relationships/a19704346/danny-fujikawa-kate-hudson-boyfriend/,Gossip,2023,99.09
710,gwyneth-paltrow-and-brad-falchuk-attend-the-politician-new-news-photo-1702922885.jpg_crop_0.571xw_0.443xh_0.162xw_0.png,www.womenshealthmag.com/relationships/a19704346/danny-fujikawa-kate-hudson-boyfriend/,Gossip,2023,98.53
710,gettyimages-910097862-1-1590789015.jpg_crop_0.670xw_1.00xh_0.png,www.womenshealthmag.com/relationships/a19704346/danny-fujikawa-kate-hudson-boyfriend/,Gossip,2023,99.99
710,ben-affleck-and-jennifer-lopez-attend-the-red-carpet-of-the-news-photo-1658153425.jpg_crop_0.493xw_0.739xh_0.239xw_0.png,www.womenshealthmag.com/relationships/a19704346/danny-fujikawa-kate-hudson-boyfriend/,Gossip,2023,63.38
710,arlene-silver-and-dick-van-dyke-at-the-cbs-original-special-news-photo-1703282166.jpg_crop_0.663xw_0.930xh_0.170xw_0.png,www.womenshealthmag.com/relationships/a19704346/danny-fujikawa-kate-hudson-boyfriend/,Gossip,2023,83.95
710,american-composer-leonard-bernstein-arrives-at-london-news-photo-1700590200.jpg_crop_0.724xw_0.922xh_0.107xw_0.png,www.womenshealthmag.com/relationships/a19704346/danny-fujikawa-kate-hudson-boyfriend/,Gossip,2023,99.98
711,ben-affleck-garner-kids-07mar16-06-1.png,marriedbiography.com/is-ben-affleck-really-throwing-dinner-parties-just-to-have-single-ladies-over-find-out-here-full-story/,Gossip,2023,99.37
712,orry-breaks-silence-what-happened-between-palak-him.png,www.ibtimes.co.in/what-brad-pitt-smitten-by-young-angelina-jolie-lookalike-746231,Gossip,2017,95.59
718,woman-6557552_1280-615x410.png,www.uitvconnect.com/uitv-player/video/kris-jenner-behind-kourtney-kardashian-scott-disick-sofia-richie-love-triangle,Gossip,2023,76.69
718,Top-Ads.png,www.uitvconnect.com/uitv-player/video/kris-jenner-behind-kourtney-kardashian-scott-disick-sofia-richie-love-triangle,Gossip,2023,99.97
718,UiTv-news.png,www.uitvconnect.com/uitv-player/video/kris-jenner-behind-kourtney-kardashian-scott-disick-sofia-richie-love-triangle,Gossip,2023,52.24
718,wall-416060_1280-615x410.png,www.uitvconnect.com/uitv-player/video/kris-jenner-behind-kourtney-kardashian-scott-disick-sofia-richie-love-triangle,Gossip,2023,99.86
718,SDFSDF-615x410.png,www.uitvconnect.com/uitv-player/video/kris-jenner-behind-kourtney-kardashian-scott-disick-sofia-richie-love-triangle,Gossip,2023,96.89
718,Congress-leaders-Siddaramaiah-and-D.K.-Shivakumar-e1684130880815-330x220.png,www.uitvconnect.com/uitv-player/video/kris-jenner-behind-kourtney-kardashian-scott-disick-sofia-richie-love-triangle,Gossip,2023,96.69
718,asparagus-2169305_1280-615x410.png,www.uitvconnect.com/uitv-player/video/kris-jenner-behind-kourtney-kardashian-scott-disick-sofia-richie-love-triangle,Gossip,2023,96.86
718,Amazon-615x410.png,www.uitvconnect.com/uitv-player/video/kris-jenner-behind-kourtney-kardashian-scott-disick-sofia-richie-love-triangle,Gossip,2023,99.0
718,9cb4a09259913e4c66d3b928c6b52235-615x410.png,www.uitvconnect.com/uitv-player/video/kris-jenner-behind-kourtney-kardashian-scott-disick-sofia-richie-love-triangle,Gossip,2023,99.98
718,6960a4d055f5ce3812a1d978aae9131a-e1679048961896-330x220.png,www.uitvconnect.com/uitv-player/video/kris-jenner-behind-kourtney-kardashian-scott-disick-sofia-richie-love-triangle,Gossip,2023,99.95
718,403863780_1445668392956838_9090222446908480550_n-330x220.png,www.uitvconnect.com/uitv-player/video/kris-jenner-behind-kourtney-kardashian-scott-disick-sofia-richie-love-triangle,Gossip,2023,93.69
718,374826885_18298329064139916_2906286443191897698_n-330x220.png,www.uitvconnect.com/uitv-player/video/kris-jenner-behind-kourtney-kardashian-scott-disick-sofia-richie-love-triangle,Gossip,2023,100.0
718,367906526_299841199383757_1413411258936008529_n-1-e1692950958918-330x220.png,www.uitvconnect.com/uitv-player/video/kris-jenner-behind-kourtney-kardashian-scott-disick-sofia-richie-love-triangle,Gossip,2023,93.39
718,3-2-1024x1024.png,www.uitvconnect.com/uitv-player/video/kris-jenner-behind-kourtney-kardashian-scott-disick-sofia-richie-love-triangle,Gossip,2023,83.89
718,2ee65bf2746934bf527347dd14a3b4a3-860x574.png,www.uitvconnect.com/uitv-player/video/kris-jenner-behind-kourtney-kardashian-scott-disick-sofia-richie-love-triangle,Gossip,2023,56.05
718,2-2-1024x1024.png,www.uitvconnect.com/uitv-player/video/kris-jenner-behind-kourtney-kardashian-scott-disick-sofia-richie-love-triangle,Gossip,2023,73.3
718,ForrXpNaIAA79W2.png,www.uitvconnect.com/uitv-player/video/kris-jenner-behind-kourtney-kardashian-scott-disick-sofia-richie-love-triangle,Gossip,2023,75.4
718,David-Warner-3-e1669621912310-330x220.png,www.uitvconnect.com/uitv-player/video/kris-jenner-behind-kourtney-kardashian-scott-disick-sofia-richie-love-triangle,Gossip,2023,57.75
718,F_ouL_dbEAACUr4-330x220.png,www.uitvconnect.com/uitv-player/video/kris-jenner-behind-kourtney-kardashian-scott-disick-sofia-richie-love-triangle,Gossip,2023,60.12
718,Prime-Minister-Narendra-Modi-46-e1684313504174-330x220.png,www.uitvconnect.com/uitv-player/video/kris-jenner-behind-kourtney-kardashian-scott-disick-sofia-richie-love-triangle,Gossip,2023,94.79
718,furniture-998265_1280-615x410.png,www.uitvconnect.com/uitv-player/video/kris-jenner-behind-kourtney-kardashian-scott-disick-sofia-richie-love-triangle,Gossip,2023,99.98
718,meeting-2284501_1280-615x410.png,www.uitvconnect.com/uitv-player/video/kris-jenner-behind-kourtney-kardashian-scott-disick-sofia-richie-love-triangle,Gossip,2023,93.7
718,meet-1019875_1280-615x410.png,www.uitvconnect.com/uitv-player/video/kris-jenner-behind-kourtney-kardashian-scott-disick-sofia-richie-love-triangle,Gossip,2023,92.81
718,nasa-1640510_1280-860x517.png,www.uitvconnect.com/uitv-player/video/kris-jenner-behind-kourtney-kardashian-scott-disick-sofia-richie-love-triangle,Gossip,2023,99.79
718,JoinUS.png,www.uitvconnect.com/uitv-player/video/kris-jenner-behind-kourtney-kardashian-scott-disick-sofia-richie-love-triangle,Gossip,2023,99.98
718,Its-leader-Kim-Jong-un-e1677477737675-330x220.png,www.uitvconnect.com/uitv-player/video/kris-jenner-behind-kourtney-kardashian-scott-disick-sofia-richie-love-triangle,Gossip,2023,76.93
718,image-1-6-330x220.png,www.uitvconnect.com/uitv-player/video/kris-jenner-behind-kourtney-kardashian-scott-disick-sofia-richie-love-triangle,Gossip,2023,99.97
718,ii6LYRWo95c-HD-615x410.png,www.uitvconnect.com/uitv-player/video/kris-jenner-behind-kourtney-kardashian-scott-disick-sofia-richie-love-triangle,Gossip,2023,99.17
718,GBTy-LUacAAB31U-615x410.png,www.uitvconnect.com/uitv-player/video/kris-jenner-behind-kourtney-kardashian-scott-disick-sofia-richie-love-triangle,Gossip,2023,61.63
718,GA479QQXIAAXJFS-330x220.png,www.uitvconnect.com/uitv-player/video/kris-jenner-behind-kourtney-kardashian-scott-disick-sofia-richie-love-triangle,Gossip,2023,99.65
772,ad_300_250.png,www.mercurynews.com/2018/04/12/alex-rodriguez-slams-report-hes-threatening-to-cut-child-support-payments/,Gossip,2018,99.21
774,ira-khan-weds-nupur.png,www.ibtimes.co.in/ben-affleck-jennifer-garner-split-actress-not-ready-divorce-batman-star-775637,Gossip,2018,66.71
800,oscars-2015.png,www.ibtimes.co.in/top-gun-2-cast-tom-cruise-begging-this-actress-star-sequel-her-husband-opposes-760029,Gossip,2018,90.44
834,george-michael-306600-2-raw.jpg_crop_1.00xw_1.png,www.biography.com/people/millie-bobby-brown-9302016,Gossip,2022,99.99
834,thecrown-season6-image58-652ee153713e5.jpg_crop_0.503xw_1.00xh_0.png,www.biography.com/people/millie-bobby-brown-9302016,Gossip,2022,99.98
834,series-round-5-spa-francorchamps-spa-belgium-saturday-22-news-photo-1692222694.jpg_crop_0.669xw_1.00xh_0.png,www.biography.com/people/millie-bobby-brown-9302016,Gossip,2022,99.99
834,britains-prince-harry-duke-of-sussex-reacts-as-he-leaves-news-photo-1702657321.jpg_crop_0.808xw_0.538xh_0.133xw_0.png,www.biography.com/people/millie-bobby-brown-9302016,Gossip,2022,100.0
834,millie-bobby-brown-attends-the-26th-annual-screen-news-photo-1652189460.jpg_crop_0.png,www.biography.com/people/millie-bobby-brown-9302016,Gossip,2022,99.98
834,michael-caine-attends-the-55th-karlovy-vary-international-news-photo-1697568324.jpg_crop_0.625xw_1.00xh_0.png,www.biography.com/people/millie-bobby-brown-9302016,Gossip,2022,99.93
843,intro-1527001044.png,www.nickiswift.com/123546/meghan-markles-uninvited-family-crashed-royal-wedding/,Gossip,2023,99.83
878,tXoT5evLKeRZYeHKoNVLgB-415-80.png,www.marieclaire.com/celebrity/g18655293/brad-pitt-jennifer-aniston-relationship-timeline/,Gossip,2021,67.63
905,The-Bachelorettes-Bryan-Abasolo-Breaks-Silence-on-Rachel-Lindsay-Divorce-668.png,www.usmagazine.com/page/412/?p=0&KSID=17962a1e16d97995945c6d4aa6fc57ad&jwsource=cl,Gossip,2023,76.71
905,amazon-uniexcosm-sweater.png,www.usmagazine.com/page/412/?p=0&KSID=17962a1e16d97995945c6d4aa6fc57ad&jwsource=cl,Gossip,2023,99.85
905,Jimmy-Kimmel-Claps-Back-at-Aaron-Rodgers-for-Jeffrey-Epstein-Connection-Accusations-699.png,www.usmagazine.com/page/412/?p=0&KSID=17962a1e16d97995945c6d4aa6fc57ad&jwsource=cl,Gossip,2023,99.99
905,new-year-trending-fashion-finds-feature2.png,www.usmagazine.com/page/412/?p=0&KSID=17962a1e16d97995945c6d4aa6fc57ad&jwsource=cl,Gossip,2023,99.98
946,1_Royal-visit-to-Sebbys-Corner.png,www.mirror.co.uk/all-about/kate-middleton-hospital,Gossip,2023,99.99
946,0_Royal-Variety-Performance-2023.png,www.mirror.co.uk/all-about/kate-middleton-hospital,Gossip,2023,99.99
959,naomi-watts-photoshoot-for-vogue-au-october-2015_4-1.png,marriedbiography.com/naomi-watts-and-liam-neeson-are-not-dating-truth-to-the-false-article/,Gossip,2023,98.29
968,4944ebf632674b3baa84cfe5a407c9ee_xl.png,www.kinggossip.com/front/gossip-cop-busted-2404-stories-in-2016-national-enquirer-was-worst-offender-gossip-cop/,Gossip,2023,99.82
968,75ccf7626b08441b90964051744a8f55_xl.png,www.kinggossip.com/front/gossip-cop-busted-2404-stories-in-2016-national-enquirer-was-worst-offender-gossip-cop/,Gossip,2023,81.36
968,ff36394785b144888ab52755e9fc4f06_xl.png,www.kinggossip.com/front/gossip-cop-busted-2404-stories-in-2016-national-enquirer-was-worst-offender-gossip-cop/,Gossip,2023,99.98
968,3a34eb2b92724f8c9b8b047eeea0f34c_xl.png,www.kinggossip.com/front/gossip-cop-busted-2404-stories-in-2016-national-enquirer-was-worst-offender-gossip-cop/,Gossip,2023,100.0
975,img-9046-1609773234.jpeg_crop_1.00xw_0.564xh_0_0.png,www.cosmopolitan.com/entertainment/celebs/a12455476/kylie-jenner-travis-scott-relationship-timeline/,Gossip,2022,99.85
975,gettyimages-1128803168.png,www.cosmopolitan.com/entertainment/celebs/a12455476/kylie-jenner-travis-scott-relationship-timeline/,Gossip,2022,98.72
975,chase-stokes-and-kelsea-ballerini-at-the-57th-annual-cma-news-photo-1701294564.jpg_crop_0.700xw_1.00xh_0.png,www.cosmopolitan.com/entertainment/celebs/a12455476/kylie-jenner-travis-scott-relationship-timeline/,Gossip,2022,93.39
975,kristenanniebell-65303473-338560123703811-4666602353589069448-n-1591200848.jpg_crop_1.00xw_1.png,www.cosmopolitan.com/entertainment/celebs/a12455476/kylie-jenner-travis-scott-relationship-timeline/,Gossip,2022,93.8
975,kylie-jenner-and-travis-scott-attend-the-2022-billboard-news-photo-1653314163.png,www.cosmopolitan.com/entertainment/celebs/a12455476/kylie-jenner-travis-scott-relationship-timeline/,Gossip,2022,63.77
975,untitled-design-32-6568fd318ce64.png_crop_1.00xw_1.png,www.cosmopolitan.com/entertainment/celebs/a12455476/kylie-jenner-travis-scott-relationship-timeline/,Gossip,2022,79.05
975,travis-scott-and-kylie-jenner-attends-the-2019-met-gala-news-photo-1653314328.png,www.cosmopolitan.com/entertainment/celebs/a12455476/kylie-jenner-travis-scott-relationship-timeline/,Gossip,2022,90.14
975,travis-scott-and-kylie-jenner-attend-the-travis-scott-look-news-photo-1570027964.png,www.cosmopolitan.com/entertainment/celebs/a12455476/kylie-jenner-travis-scott-relationship-timeline/,Gossip,2022,99.85
975,screen-shot-2023-07-20-at-9-58-50-am-64b959e11fc5f.png_crop_0.452xw_0.896xh_0.png,www.cosmopolitan.com/entertainment/celebs/a12455476/kylie-jenner-travis-scott-relationship-timeline/,Gossip,2022,80.0
975,screen-shot-2019-10-02-at-10-49-30-am-1570027786.png,www.cosmopolitan.com/entertainment/celebs/a12455476/kylie-jenner-travis-scott-relationship-timeline/,Gossip,2022,99.54
975,noah-baumbach-and-greta-gerwig-attend-the-white-noise-and-news-photo-1689631383.jpg_crop_0.668xw_1.00xh_0.png,www.cosmopolitan.com/entertainment/celebs/a12455476/kylie-jenner-travis-scott-relationship-timeline/,Gossip,2022,99.95
975,untitled-design-41-657b55499368a.png_crop_1.00xw_1.png,www.cosmopolitan.com/entertainment/celebs/a12455476/kylie-jenner-travis-scott-relationship-timeline/,Gossip,2022,55.84
975,kylie-jenner-cipriani-bday-1506118024.png,www.cosmopolitan.com/entertainment/celebs/a12455476/kylie-jenner-travis-scott-relationship-timeline/,Gossip,2022,99.41
975,kylie-snapchat-pregnant-rumor-1506118635.png,www.cosmopolitan.com/entertainment/celebs/a12455476/kylie-jenner-travis-scott-relationship-timeline/,Gossip,2022,100.0
975,kylie-travis-met-gala-2018-3-1527605348.png,www.cosmopolitan.com/entertainment/celebs/a12455476/kylie-jenner-travis-scott-relationship-timeline/,Gossip,2022,99.09
987,AB-JLAR-COMP.png,www.thesun.co.uk/tvandshowbiz/6868249/jennifer-lopez-engaged-alex-rodriguez-dating-baseball-exes/,Gossip,2022,99.81
987,EXPLAINER-JA-ALEX-R-1104.png,www.thesun.co.uk/tvandshowbiz/6868249/jennifer-lopez-engaged-alex-rodriguez-dating-baseball-exes/,Gossip,2022,99.79
987,kc-kylie-car-comp-1.png,www.thesun.co.uk/tvandshowbiz/6868249/jennifer-lopez-engaged-alex-rodriguez-dating-baseball-exes/,Gossip,2022,99.94
987,lm_biancacensori_comp-copy.png,www.thesun.co.uk/tvandshowbiz/6868249/jennifer-lopez-engaged-alex-rodriguez-dating-baseball-exes/,Gossip,2022,99.93
987,MF-JLo-Ben-Married-BLOG-01.png,www.thesun.co.uk/tvandshowbiz/6868249/jennifer-lopez-engaged-alex-rodriguez-dating-baseball-exes/,Gossip,2022,95.64
991,Screen-Shot-2023-12-29-at-12.47.10-PM.png,www.indiewire.com/2018/06/donald-trump-jr-accuses-ron-perlman-harvey-weinstein-piss-handshake-1201978877/,Gossip,2018,99.98
1006,kate-upton-body-transformation.png,www.plasticsurgerypeople.com/kate-upton-cosmetic-surgery/,Gossip,2022,99.83
1006,kate-upton-boob-job.png,www.plasticsurgerypeople.com/kate-upton-cosmetic-surgery/,Gossip,2022,98.09
1006,kate-upton-kardashian-snapchat.png,www.plasticsurgerypeople.com/kate-upton-cosmetic-surgery/,Gossip,2022,76.62
1006,kate-upton-2016.png,www.plasticsurgerypeople.com/kate-upton-cosmetic-surgery/,Gossip,2022,99.18
1006,kate-upton-2014.png,www.plasticsurgerypeople.com/kate-upton-cosmetic-surgery/,Gossip,2022,99.9
1006,kate-upton-2012.png,www.plasticsurgerypeople.com/kate-upton-cosmetic-surgery/,Gossip,2022,88.65
1006,kate-upton-lips.png,www.plasticsurgerypeople.com/kate-upton-cosmetic-surgery/,Gossip,2022,95.58
1006,park-seo-joon-plastic-surgery-150x150.png,www.plasticsurgerypeople.com/kate-upton-cosmetic-surgery/,Gossip,2022,70.27
1006,kate-upton-featured.png,www.plasticsurgerypeople.com/kate-upton-cosmetic-surgery/,Gossip,2022,93.29
1023,Issue_20121_20-_20July_201999.png,www.empireonline.com/movies/features/matrix-empire-1999-keanu-reeves-interview/,Gossip,2023,99.88
1023,matrix3.png,www.empireonline.com/movies/features/matrix-empire-1999-keanu-reeves-interview/,Gossip,2023,99.33
1023,matrixdojo.png,www.empireonline.com/movies/features/matrix-empire-1999-keanu-reeves-interview/,Gossip,2023,93.76
1036,screen-shot-2017-11-27-at-2-28-53-pm-1511817362.png,www.townandcountrymag.com/society/a9664508/prince-harry-meghan-markle-relationship/,Gossip,2022,100.0
1036,tc-royal-wedding-princess-charlotte-tongue-out-1526742727.png,www.townandcountrymag.com/society/a9664508/prince-harry-meghan-markle-relationship/,Gossip,2022,58.87
1036,prince-harry-duke-of-sussex-and-meghan-duchess-of-sussex-news-photo-1142164437-1557319677.png,www.townandcountrymag.com/society/a9664508/prince-harry-meghan-markle-relationship/,Gossip,2022,98.9
1036,photo-credit-misan-harriman-1613331809.png,www.townandcountrymag.com/society/a9664508/prince-harry-meghan-markle-relationship/,Gossip,2022,99.96
1036,meghan-markle-the-duchess-of-sussex-reacts-during-the-nhl-news-photo-1700574091.jpg_crop_0.498xw_0.748xh_0.png,www.townandcountrymag.com/society/a9664508/prince-harry-meghan-markle-relationship/,Gossip,2022,57.51
1036,meghan-markle-engagement-outfit-880161240-1511793992.jpg_crop_1.00xw_0.png,www.townandcountrymag.com/society/a9664508/prince-harry-meghan-markle-relationship/,Gossip,2022,80.85
1036,gettyimages-880160654-1511812808.png,www.townandcountrymag.com/society/a9664508/prince-harry-meghan-markle-relationship/,Gossip,2022,83.13
1036,1-royal-wedding-cake-fiona-cairns-113269546-1522959688.jpg_crop_0.668xw_1.00xh_0.png,www.townandcountrymag.com/society/a9664508/prince-harry-meghan-markle-relationship/,Gossip,2022,99.21
1036,gettyimages-113264844-1-1520533442.jpg_crop_0.614xw_1.png,www.townandcountrymag.com/society/a9664508/prince-harry-meghan-markle-relationship/,Gossip,2022,99.74
1036,ap-18141500120265.png,www.townandcountrymag.com/society/a9664508/prince-harry-meghan-markle-relationship/,Gossip,2022,99.92
1036,gettyimages-516279758-1494865150.png,www.townandcountrymag.com/society/a9664508/prince-harry-meghan-markle-relationship/,Gossip,2022,76.68
1036,gettyimages-612039074-1495050888.png,www.townandcountrymag.com/society/a9664508/prince-harry-meghan-markle-relationship/,Gossip,2022,100.0
1054,2A32664500000578-3148478-Ex_Factor_Karrueche_Tran_was_seen_leaving_the_Playhouse_venue_in-a-8_1435931219089.png,marriedbiography.com/scandalous-reports-about-christina-milian-and-karrueche-tran-being-more-than-friends-circulating-gossip-cop-clears-the-air/,Gossip,2023,98.09
1072,jennifer-aniston.png,www.ibtimes.co.in/brad-pitt-jennifer-aniston-met-secretly-london-775280,Gossip,2018,84.17
1098,angelina-jolie.png,www.ibtimes.co.in/angelina-jolie-was-hospital-wasting-away-749668,Gossip,2017,94.85
1103,2895aee4b08-1530810994.png,www.townandcountrymag.com/society/a15845582/what-matt-lauer-is-doing-now/,Gossip,2021,99.46
1103,414486736-745359040362772-4643847083262833333-n-659186eb61af2.jpg_crop_1.00xw_0.826xh_0_0.png,www.townandcountrymag.com/society/a15845582/what-matt-lauer-is-doing-now/,Gossip,2021,83.32
1103,abdicated-monarchs-21st-century-65945d574906a.jpg_crop_0.502xw_1.00xh_0.png,www.townandcountrymag.com/society/a15845582/what-matt-lauer-is-doing-now/,Gossip,2021,71.18
1103,crown-prince-frederik-of-denmark-and-queen-margrethe-ii-of-news-photo-1704043409.jpg_crop_0.png,www.townandcountrymag.com/society/a15845582/what-matt-lauer-is-doing-now/,Gossip,2021,97.86
1103,gettyimages-859487078-1523648000.png,www.townandcountrymag.com/society/a15845582/what-matt-lauer-is-doing-now/,Gossip,2021,99.9
1103,matt-lauer-and-kathie-lee-gifford-attends-the-opening-night-news-photo-156468809-1544635483.png,www.townandcountrymag.com/society/a15845582/what-matt-lauer-is-doing-now/,Gossip,2021,63.01
1103,princess-mary-combo-1579277034.jpg_crop_0.502xw_1.00xh_0.png,www.townandcountrymag.com/society/a15845582/what-matt-lauer-is-doing-now/,Gossip,2021,96.12
1103,queen-margrethe-ii-of-denmark-crown-prince-frederik-of-news-photo-1704216590.jpg_crop_0.707xw_1.00xh_0.png,www.townandcountrymag.com/society/a15845582/what-matt-lauer-is-doing-now/,Gossip,2021,95.66
1103,sarah-ferguson-duchess-of-york-attends-the-christmas-news-photo-1704217182.jpg_crop_0.723xw_1.00xh_0.png,www.townandcountrymag.com/society/a15845582/what-matt-lauer-is-doing-now/,Gossip,2021,99.05
1103,the-first-official-photograph-of-queen-margrethe-ii-of-news-photo-1704044447.jpg_crop_1.00xw_0.png,www.townandcountrymag.com/society/a15845582/what-matt-lauer-is-doing-now/,Gossip,2021,77.62
1151,Kylie-Jenner-Travis-Scott-Relationship-Timeline-Update-0001.png,www.usmagazine.com/celebrity-news/pictures/kylie-jenner-and-travis-scott-relationship-timeline-w505074/,Gossip,2023,72.59
1151,kylie-jenner-travis-scott-proposal.png,www.usmagazine.com/celebrity-news/pictures/kylie-jenner-and-travis-scott-relationship-timeline-w505074/,Gossip,2023,71.61
1151,kylie-jenner-travis-scott-kylie-quiz.png,www.usmagazine.com/celebrity-news/pictures/kylie-jenner-and-travis-scott-relationship-timeline-w505074/,Gossip,2023,100.0
1151,kylie-jenner-travis-scott-hot-hot-hot.png,www.usmagazine.com/celebrity-news/pictures/kylie-jenner-and-travis-scott-relationship-timeline-w505074/,Gossip,2023,61.35
1151,Kylie-Jenner-Travis-Scott-Drake-Romance-November-2019.png,www.usmagazine.com/celebrity-news/pictures/kylie-jenner-and-travis-scott-relationship-timeline-w505074/,Gossip,2023,99.94
1151,Kylie-Jenner-Travis-Scott-A-Timeline-Their-Relationship-October-004.png,www.usmagazine.com/celebrity-news/pictures/kylie-jenner-and-travis-scott-relationship-timeline-w505074/,Gossip,2023,99.69
1151,Kylie-Jenner-Travis-Scott-A-Timeline-Their-Relationship-February-005.png,www.usmagazine.com/celebrity-news/pictures/kylie-jenner-and-travis-scott-relationship-timeline-w505074/,Gossip,2023,84.61
1151,travis-scott-kylie-jenner-Cheating-Accusations-gallery-update.png,www.usmagazine.com/celebrity-news/pictures/kylie-jenner-and-travis-scott-relationship-timeline-w505074/,Gossip,2023,99.14
1151,Kylie-Jenner-Travis-Scott-Timeline-Update-0001.png,www.usmagazine.com/celebrity-news/pictures/kylie-jenner-and-travis-scott-relationship-timeline-w505074/,Gossip,2023,99.89
1151,Kylie-Stormi-Mother-Daughter-Moments-11.png,www.usmagazine.com/celebrity-news/pictures/kylie-jenner-and-travis-scott-relationship-timeline-w505074/,Gossip,2023,99.95
1151,Kylie-Jenner-Tyga-Travis-Scott.png,www.usmagazine.com/celebrity-news/pictures/kylie-jenner-and-travis-scott-relationship-timeline-w505074/,Gossip,2023,96.78
1151,Kylie-Jenner-Travis-Scotts-Relationship-Timeline-00001.png,www.usmagazine.com/celebrity-news/pictures/kylie-jenner-and-travis-scott-relationship-timeline-w505074/,Gossip,2023,99.79
1151,Kylie-Jenner-Travis-Scotts-Complete-Relationship-Timeline-001.png,www.usmagazine.com/celebrity-news/pictures/kylie-jenner-and-travis-scott-relationship-timeline-w505074/,Gossip,2023,99.49
1151,kylie-jenner-travis-scott-virgin-mary.png,www.usmagazine.com/celebrity-news/pictures/kylie-jenner-and-travis-scott-relationship-timeline-w505074/,Gossip,2023,97.16
1151,Kylie-Jenner-Travis-Scott-Timeline-Update-0005.png,www.usmagazine.com/celebrity-news/pictures/kylie-jenner-and-travis-scott-relationship-timeline-w505074/,Gossip,2023,79.99
1151,Kylie-Jenner-Travis-Scott-Timeline-Update-0004.png,www.usmagazine.com/celebrity-news/pictures/kylie-jenner-and-travis-scott-relationship-timeline-w505074/,Gossip,2023,60.66
1151,Kylie-Jenner-Travis-Scott-A-Timeline-Their-Relationship-April-002.png,www.usmagazine.com/celebrity-news/pictures/kylie-jenner-and-travis-scott-relationship-timeline-w505074/,Gossip,2023,99.95
1151,Kylie-Jenner-Travis-Scott-Timeline-Update-0002.png,www.usmagazine.com/celebrity-news/pictures/kylie-jenner-and-travis-scott-relationship-timeline-w505074/,Gossip,2023,95.65
1151,Kylie-Jenner-Travis-Scott-A-Timeline-Their-Relationship-002.png,www.usmagazine.com/celebrity-news/pictures/kylie-jenner-and-travis-scott-relationship-timeline-w505074/,Gossip,2023,99.32
1151,Kylie-Jenner-Hopes-Timothee-Chalamet-Will-Help-Her-Move-On-From-Travis-Scott-2.png,www.usmagazine.com/celebrity-news/pictures/kylie-jenner-and-travis-scott-relationship-timeline-w505074/,Gossip,2023,99.79
1151,kylie-and-stormi.png,www.usmagazine.com/celebrity-news/pictures/kylie-jenner-and-travis-scott-relationship-timeline-w505074/,Gossip,2023,99.98
1151,Inside-Kylie-Jenner-Pregnancy-Reveal-Video-13.png,www.usmagazine.com/celebrity-news/pictures/kylie-jenner-and-travis-scott-relationship-timeline-w505074/,Gossip,2023,99.94
1151,bgus_871948_001_travis-scott-kylie-jenner-zoom-944605a2-cfef-4380-b29b-fa579fefb247.png,www.usmagazine.com/celebrity-news/pictures/kylie-jenner-and-travis-scott-relationship-timeline-w505074/,Gossip,2023,97.66
1151,955773398_Travis-Scott-Kylie-Jenner-zoom.png,www.usmagazine.com/celebrity-news/pictures/kylie-jenner-and-travis-scott-relationship-timeline-w505074/,Gossip,2023,96.39
1151,Travis-Scotts-Wifey-Kylie-Jenner-Happy-Support-Him-2022-BBMAs-002.png,www.usmagazine.com/celebrity-news/pictures/kylie-jenner-and-travis-scott-relationship-timeline-w505074/,Gossip,2023,98.92
1151,Kylie-Jenner-and-Travis-Scott-baby-2.png,www.usmagazine.com/celebrity-news/pictures/kylie-jenner-and-travis-scott-relationship-timeline-w505074/,Gossip,2023,95.22
1151,kylie-jenner-and-travis-scott-relationship-timeline-august-2021.png,www.usmagazine.com/celebrity-news/pictures/kylie-jenner-and-travis-scott-relationship-timeline-w505074/,Gossip,2023,99.76
1151,Kylie-Jenner-and-Travis-Scott-Timeline-of-Their-Relationship-06.png,www.usmagazine.com/celebrity-news/pictures/kylie-jenner-and-travis-scott-relationship-timeline-w505074/,Gossip,2023,76.6
1151,Kylie-Jenner-and-Travis-Scott-Timeline-of-Their-Relationship-05.png,www.usmagazine.com/celebrity-news/pictures/kylie-jenner-and-travis-scott-relationship-timeline-w505074/,Gossip,2023,86.52
1151,Kylie-Jenner-and-Travis-Scott-Timeline-of-Their-Relationship-03.png,www.usmagazine.com/celebrity-news/pictures/kylie-jenner-and-travis-scott-relationship-timeline-w505074/,Gossip,2023,99.55
1151,Kylie-Jenner-and-Travis-Scott-Timeline-of-Their-Relationship-02.png,www.usmagazine.com/celebrity-news/pictures/kylie-jenner-and-travis-scott-relationship-timeline-w505074/,Gossip,2023,63.74
1151,Kylie-Jenner-and-Travis-Scott-Timeline-of-Their-Relationship-01.png,www.usmagazine.com/celebrity-news/pictures/kylie-jenner-and-travis-scott-relationship-timeline-w505074/,Gossip,2023,99.77
1151,Kylie-Jenner-and-Travis-Scott-Relationship-Timeline-Pose-For-Playboy-Together-08.png,www.usmagazine.com/celebrity-news/pictures/kylie-jenner-and-travis-scott-relationship-timeline-w505074/,Gossip,2023,96.25
1151,Kylie-Jenner-Travis-Scott-A-Timeline-Their-Relationship-001.png,www.usmagazine.com/celebrity-news/pictures/kylie-jenner-and-travis-scott-relationship-timeline-w505074/,Gossip,2023,65.31
1151,Kylie-Jenner-and-Travis-Scott-Relationship-Timeline-Partners-in-Crime-05.png,www.usmagazine.com/celebrity-news/pictures/kylie-jenner-and-travis-scott-relationship-timeline-w505074/,Gossip,2023,99.88
1151,Kylie-Jenner-and-Travis-Scott-Relationship-Timeline-Look-Mom-I-Can-Fly-Premiere-07.png,www.usmagazine.com/celebrity-news/pictures/kylie-jenner-and-travis-scott-relationship-timeline-w505074/,Gossip,2023,98.77
1151,kylie-jenner-and-travis-scott-relationship-timeline-august-2022-roses.png,www.usmagazine.com/celebrity-news/pictures/kylie-jenner-and-travis-scott-relationship-timeline-w505074/,Gossip,2023,99.98
1151,Kylie-Jenner-and-Travis-Scott-Relationship-Timeline-MET-Gala-04.png,www.usmagazine.com/celebrity-news/pictures/kylie-jenner-and-travis-scott-relationship-timeline-w505074/,Gossip,2023,97.86
1220,photographer-markus-klinko-attends-his-exhibition-opening-news-photo-1703791057.jpg_crop_0.668xw_1.00xh_0.png,www.biography.com/people/mariah-carey-9542177,Gossip,2020,99.92
1220,american-actor-and-singer-elvis-presley-dancing-in-a-news-photo-74289877-1534970246.jpg_crop_1.00xw_0.749xh_0_0.png,www.biography.com/people/mariah-carey-9542177,Gossip,2020,99.98
1220,american-composer-and-conductor-leonard-bernstein-and-his-news-photo-1693421241.jpg_crop_1.00xw_0.776xh_0_0.png,www.biography.com/people/mariah-carey-9542177,Gossip,2020,93.35
1220,b50d4909-0f39-4b73-b482-46d0a9078d40_1682363012.png,www.biography.com/people/mariah-carey-9542177,Gossip,2020,97.14
1220,entertainers-sonny-bono-cher-attend-an-event-in-august-1972-news-photo-1701813097.jpg_crop_0.685xw_1.00xh_0.png,www.biography.com/people/mariah-carey-9542177,Gossip,2020,81.38
1220,gettyimages-78683778.jpg_crop_0.987xw_0.987xh_0.0128xw_0.png,www.biography.com/people/mariah-carey-9542177,Gossip,2020,86.89
1220,lainey-wilson-at-the-bmi-country-awards-held-at-bmi-news-photo-1701718363.jpg_crop_0.670xw_0.941xh_0.133xw_0.png,www.biography.com/people/mariah-carey-9542177,Gossip,2020,87.3
1220,las-vegas-nev-entertainer-elvis-presley-sits-cheek-to-cheek-news-photo-1699019398.jpg_crop_0.684xw_1.00xh_0.png,www.biography.com/people/mariah-carey-9542177,Gossip,2020,63.81
1253,Katie-Holmes-Jamie-Foxx-split-003.png,www.usmagazine.com/celebrity-news/pictures/katie-holmes-and-jamie-foxx-a-timeline-of-their-relationship-w482707/,Gossip,2023,99.69
1253,katie-holmes-jamie-foxx-zoom.png,www.usmagazine.com/celebrity-news/pictures/katie-holmes-and-jamie-foxx-a-timeline-of-their-relationship-w482707/,Gossip,2023,99.42
1253,us22_cover-33053422-1d0d-43b1-93d0-4adb2d920cc8.png,www.usmagazine.com/celebrity-news/pictures/katie-holmes-and-jamie-foxx-a-timeline-of-their-relationship-w482707/,Gossip,2023,97.36
1253,katie-holmes-jamie-foxx-dec-2015-8ceb4ed0-f329-4cf2-8a22-39510f624a9c.png,www.usmagazine.com/celebrity-news/pictures/katie-holmes-and-jamie-foxx-a-timeline-of-their-relationship-w482707/,Gossip,2023,99.48
1253,Katie-Holmes-and-Jamie-Foxx-beach-ring.png,www.usmagazine.com/celebrity-news/pictures/katie-holmes-and-jamie-foxx-a-timeline-of-their-relationship-w482707/,Gossip,2023,99.93
1273,prince-harry-meghan-markle.png,www.ibtimes.co.in/kate-middletons-pregnancy-spoiled-prince-harry-meghan-markle-engagement-wedding-plans-742788,Gossip,2017,98.35
1277,Ashton-Kutcher-and-Mila-Kunis-3.png,marriedbiography.com/ashton-kutcher-and-mila-kunis-announce-their-divorce-reason-jealousy-in-their-married-life-career/,Gossip,2023,66.27
1283,selena-the-weknd-1505162324.jpg_crop_1.00xw_1.png,www.elle.com/culture/celebrities/a12115489/selena-gomez-and-the-weeknd-relationship-timeline/,Gossip,2021,90.12
1283,michael-shuman-aka-mikey-shoes-and-lily-james-at-the-94th-news-photo-1702589743.jpg_crop_0.742xw_1.00xh_0.png,www.elle.com/culture/celebrities/a12115489/selena-gomez-and-the-weeknd-relationship-timeline/,Gossip,2021,78.95
1283,model-heidi-klum-with-boyfriend-tom-kaulitz-entering-the-news-photo-1700532671.jpg_crop_0.668xw_1.00xh_0.png,www.elle.com/culture/celebrities/a12115489/selena-gomez-and-the-weeknd-relationship-timeline/,Gossip,2021,60.1
1283,screen-shot-2020-08-05-at-4-36-35-pm-1596663430.png_crop_0.867xw_1.00xh_0.png,www.elle.com/culture/celebrities/a12115489/selena-gomez-and-the-weeknd-relationship-timeline/,Gossip,2021,99.75
1283,kanye-west-bianca-censori-gettyimages-1673626199.jpg_crop_0.487xw_0.974xh_0.png,www.elle.com/culture/celebrities/a12115489/selena-gomez-and-the-weeknd-relationship-timeline/,Gossip,2021,99.99
1283,hd-aspect-1488572662-instar-selena-gomez-kisses-the-weeknd-exclusive-3341834131.png,www.elle.com/culture/celebrities/a12115489/selena-gomez-and-the-weeknd-relationship-timeline/,Gossip,2021,56.6
1283,1503230820-image-uploaded-from-ios-134.png,www.elle.com/culture/celebrities/a12115489/selena-gomez-and-the-weeknd-relationship-timeline/,Gossip,2021,65.02
1283,1501852150-image-uploaded-from-ios-115.png,www.elle.com/culture/celebrities/a12115489/selena-gomez-and-the-weeknd-relationship-timeline/,Gossip,2021,99.92
1283,beyonc-c3-a9-knowles-carter-and-taylor-swift-attend-the-taylor-news-photo-1703181792.jpg_crop_0.556xw_0.832xh_0.162xw_0.png,www.elle.com/culture/celebrities/a12115489/selena-gomez-and-the-weeknd-relationship-timeline/,Gossip,2021,88.07
1283,cardi-b-and-offset-attending-the-vanity-fair-oscar-party-news-photo-1694355966.jpg_crop_0.893xw_0.595xh_0.0417xw_0.png,www.elle.com/culture/celebrities/a12115489/selena-gomez-and-the-weeknd-relationship-timeline/,Gossip,2021,99.99
1283,guitarist-benji-madden-and-actress-cameron-diaz-attend-news-photo-1701294741.jpg_crop_0.859xw_0.615xh_0.0529xw_0.png,www.elle.com/culture/celebrities/a12115489/selena-gomez-and-the-weeknd-relationship-timeline/,Gossip,2021,95.29
1283,the-weeknd-performs-onstage-during-the-2018-coachella-news-photo-1598380824.jpg_crop_1.00xw_0.804xh_0_0.png,www.elle.com/culture/celebrities/a12115489/selena-gomez-and-the-weeknd-relationship-timeline/,Gossip,2021,99.97
1283,1485706138-selweeknd.png,www.elle.com/culture/celebrities/a12115489/selena-gomez-and-the-weeknd-relationship-timeline/,Gossip,2021,99.08
1314,beyonce-2007.png,www.plasticsurgerypeople.com/beyonce-plastic-surgery/,Gossip,2022,99.93
1314,beyonce-2015.png,www.plasticsurgerypeople.com/beyonce-plastic-surgery/,Gossip,2022,52.69
1314,beyonce-2018.png,www.plasticsurgerypeople.com/beyonce-plastic-surgery/,Gossip,2022,99.97
1314,beyonce-2022.png,www.plasticsurgerypeople.com/beyonce-plastic-surgery/,Gossip,2022,99.42
1314,beyonce-boob-job1.png,www.plasticsurgerypeople.com/beyonce-plastic-surgery/,Gossip,2022,99.97
1314,beyonce-butt-lift.png,www.plasticsurgerypeople.com/beyonce-plastic-surgery/,Gossip,2022,94.31
1430,sweaters-for-women.png,variety.com/2017/dirt/real-estalker/keith-urban-nicole-kidman-manhattan-townhouse-1202623916/,Gossip,2023,55.48
1430,Screenshot-2024-01-03-at-12.07.31-PM-e1704301689231.png,variety.com/2017/dirt/real-estalker/keith-urban-nicole-kidman-manhattan-townhouse-1202623916/,Gossip,2023,99.98
1443,657b66277a8bc.image.png,www.bramptonguardian.com/whatson-story/8038293-robert-pattinson-was-a-dork-growing-up/,Gossip,2023,84.88
1443,65791ef373ba1.image.png,www.bramptonguardian.com/whatson-story/8038293-robert-pattinson-was-a-dork-growing-up/,Gossip,2023,95.79
1443,654fb35c4f47d.image.png,www.bramptonguardian.com/whatson-story/8038293-robert-pattinson-was-a-dork-growing-up/,Gossip,2023,97.66
1443,6586fc3424874.image.png,www.bramptonguardian.com/whatson-story/8038293-robert-pattinson-was-a-dork-growing-up/,Gossip,2023,57.03
1443,f5a0fa72-807d-11ed-bb0b-23e0e668a943.png,www.bramptonguardian.com/whatson-story/8038293-robert-pattinson-was-a-dork-growing-up/,Gossip,2023,89.15
1488,3500.png,www.theguardian.com/music/2017/jun/11/katy-perry-interview-witness-album-glastonbury,Gossip,2017,87.36
1518,kathie-lee-gifford-chose-her-first-name.png,www.thelist.com/34890/untold-truth-kendall-jenner/,Gossip,2023,99.51
1518,intro.png,www.thelist.com/34890/untold-truth-kendall-jenner/,Gossip,2023,99.99
1571,WyLXthKN_normal.png,www.buzzfeednews.com/article/tanyachen/melania-vs-ivana,Gossip,2017,52.17
1584,gettyimages-1188892214.jpg_crop_1xw_1.png,www.biography.com/people/orlando-bloom-13539962,Gossip,2021,95.61
1586,1473970692-stop-acting-like-diahann-carroll.png,www.elle.com/culture/celebrities/news/a39283/nick-cannons-turban-doesnt-seem-to-be-going-anywhere/,Gossip,2016,81.28
1599,Justin-Bieber-Baskin-Champion-Dating.png,www.usmagazine.com/entertainment/pictures/justin-biebers-complete-dating-history-w442728/,Gossip,2022,93.19
1599,sofia-richie-85d973e1-a4c5-439e-a53e-32a805148d2a.png,www.usmagazine.com/entertainment/pictures/justin-biebers-complete-dating-history-w442728/,Gossip,2022,99.95
1599,nicola-peltz-2ca16593-7e34-4355-946e-6af6c1ccd0b8.png,www.usmagazine.com/entertainment/pictures/justin-biebers-complete-dating-history-w442728/,Gossip,2022,96.41
1599,justin-bieber-jessica-jarrell-dated-girlfriend-ex-bf8058fc-3220-4dab-8125-73f101813521.png,www.usmagazine.com/entertainment/pictures/justin-biebers-complete-dating-history-w442728/,Gossip,2022,97.27
1599,bieber-hailey-cc9030f0-bde9-43fb-88b6-fa53162ca8f4.png,www.usmagazine.com/entertainment/pictures/justin-biebers-complete-dating-history-w442728/,Gossip,2022,88.31
1622,shutterstock_editorial_10517026yy-scaled-e1674751189615.png,www.gobankingrates.com/net-worth/celebrities/ellen-degeneres-net-worth/,Gossip,2023,99.99
1622,LiveRicher.png,www.gobankingrates.com/net-worth/celebrities/ellen-degeneres-net-worth/,Gossip,2023,70.52
1622,financially-savvy-female-hamburger.png,www.gobankingrates.com/net-worth/celebrities/ellen-degeneres-net-worth/,Gossip,2023,63.04
1622,exit-intent-var-1.png,www.gobankingrates.com/net-worth/celebrities/ellen-degeneres-net-worth/,Gossip,2023,79.29
1629,selena-gomez-steve-martin-martin-short-friendship.png,www.popsugar.com/celebrity/photo-gallery/44106786/embed/44106865/Lindsay-Jill-Roth-BFF,Gossip,2022,87.95
1629,Sophie-Gr_C3_A9goire-Trudeau.png,www.popsugar.com/celebrity/photo-gallery/44106786/embed/44106865/Lindsay-Jill-Roth-BFF,Gossip,2022,98.13
1629,Sarah-Rafferty.png,www.popsugar.com/celebrity/photo-gallery/44106786/embed/44106865/Lindsay-Jill-Roth-BFF,Gossip,2022,99.63
1629,sophie-turner-taylor-swift-friendship-timeline.png,www.popsugar.com/celebrity/photo-gallery/44106786/embed/44106865/Lindsay-Jill-Roth-BFF,Gossip,2022,99.99
1629,steve-martin-martin-short-friendship-timeline.png,www.popsugar.com/celebrity/photo-gallery/44106786/embed/44106865/Lindsay-Jill-Roth-BFF,Gossip,2022,99.99
1629,gwyneth-paltrow-dakota-johnson-friendship.png,www.popsugar.com/celebrity/photo-gallery/44106786/embed/44106865/Lindsay-Jill-Roth-BFF,Gossip,2022,99.85
1629,Jessica-Mulroney.png,www.popsugar.com/celebrity/photo-gallery/44106786/embed/44106865/Lindsay-Jill-Roth-BFF,Gossip,2022,99.99
1629,Amal-Clooney.png,www.popsugar.com/celebrity/photo-gallery/44106786/embed/44106865/Lindsay-Jill-Roth-BFF,Gossip,2022,99.45
1629,Markus-Anderson.png,www.popsugar.com/celebrity/photo-gallery/44106786/embed/44106865/Lindsay-Jill-Roth-BFF,Gossip,2022,99.77
1629,meghan-markle-teal-cult-gaia-dress.png,www.popsugar.com/celebrity/photo-gallery/44106786/embed/44106865/Lindsay-Jill-Roth-BFF,Gossip,2022,99.97
1629,Misha-Nonoo.png,www.popsugar.com/celebrity/photo-gallery/44106786/embed/44106865/Lindsay-Jill-Roth-BFF,Gossip,2022,99.96
1629,Olivia-Palermo.png,www.popsugar.com/celebrity/photo-gallery/44106786/embed/44106865/Lindsay-Jill-Roth-BFF,Gossip,2022,99.48
1629,Patrick-J-Adams.png,www.popsugar.com/celebrity/photo-gallery/44106786/embed/44106865/Lindsay-Jill-Roth-BFF,Gossip,2022,99.54
1629,kate-middleton-gray-pants-sezane.png,www.popsugar.com/celebrity/photo-gallery/44106786/embed/44106865/Lindsay-Jill-Roth-BFF,Gossip,2022,98.99
1673,Profile-Photo.png,www.goldderby.com/article/2018/the-voice-coaches-adam-levine-blake-shelton-season-14-news/,Gossip,2018,100.0
1673,px.png,www.goldderby.com/article/2018/the-voice-coaches-adam-levine-blake-shelton-season-14-news/,Gossip,2018,99.21
1679,085baa153813f067d4bce1e56e5c32e2_s_32_d_monsterid_r_pg.png,www.goldderby.com/article/2018/2018-daytime-emmy-nominations-full-list-of-nominees-news/,Gossip,2018,93.35
1706,elvis-presley-dated.png,www.popsugar.com/celebrity/Brad-Pitt-Angelina-Jolie-Divorce-Details-42436493,Gossip,2022,99.97
1706,paul-mescal-dating.png,www.popsugar.com/celebrity/Brad-Pitt-Angelina-Jolie-Divorce-Details-42436493,Gossip,2022,99.92
1706,sophie-turner-dating.png,www.popsugar.com/celebrity/Brad-Pitt-Angelina-Jolie-Divorce-Details-42436493,Gossip,2022,99.99
1706,taylor-swift-1989-exes-essay.png,www.popsugar.com/celebrity/Brad-Pitt-Angelina-Jolie-Divorce-Details-42436493,Gossip,2022,99.98
1706,Who-Has-Zac-Efron-Dated.png,www.popsugar.com/celebrity/Brad-Pitt-Angelina-Jolie-Divorce-Details-42436493,Gossip,2022,100.0
1746,151441_a_66_66.png,www.christianpost.com/news/jennifer-aniston-vs-anti-trump-celebrities-is-friends-star-going-after-potus-critics-208325/,Gossip,2017,100.0
1819,tumblr_p715e9g1ra1t7x9x7o1_540.png,www.lipstickalley.com/threads/tom-hiddleston-thread-part-xii.1199714/page-60,Gossip,2017,89.04
1893,_s_96_d_mm_r_g.png,www.essence.com/love-sex/beyonce-jay-z-saved-their-marriage-lyrics-album-everything-is-love/,Gossip,2020,69.76
1909,HB-OFF-PLATFORM-LUKE.png,www.thesun.co.uk/tvandshowbiz/2466587/cheryl-liam-payne-son-bear-split/,Gossip,2020,88.25
1909,nintchdbpict0002856538806.png,www.thesun.co.uk/tvandshowbiz/2466587/cheryl-liam-payne-son-bear-split/,Gossip,2020,99.91
1916,OJPX5Wiy.png,marriedbiography.com/caitlyn-jenner-weird-sense-joy-days-says-cellulite-makes-feminine/,Gossip,2023,99.99
1922,shutterstock_editorial_12545073b-1.png,www.gobankingrates.com/net-worth/celebrities/kanye-west-net-worth/,Gossip,2022,99.9
1961,Will-Smith-Addresses-Slap-Backlash-Emotional-Video-Its-All-Fuzzy.png,www.usmagazine.com/celebrity-news/pictures/everything-will-smith-jada-pinkett-smith-have-said-about-marriage/,Gossip,2023,99.23
1961,will-smith-jada-pinkett-smith-01.png,www.usmagazine.com/celebrity-news/pictures/everything-will-smith-jada-pinkett-smith-have-said-about-marriage/,Gossip,2023,95.24
1961,will-jada1.png,www.usmagazine.com/celebrity-news/pictures/everything-will-smith-jada-pinkett-smith-have-said-about-marriage/,Gossip,2023,99.48
1961,will-smith-jada-pinkett-smith-06.png,www.usmagazine.com/celebrity-news/pictures/everything-will-smith-jada-pinkett-smith-have-said-about-marriage/,Gossip,2023,97.59
1961,will-smith-jada-pinkett-smith-07.png,www.usmagazine.com/celebrity-news/pictures/everything-will-smith-jada-pinkett-smith-have-said-about-marriage/,Gossip,2023,99.24
1961,will-smith-jada-pinkett-smith-08.png,www.usmagazine.com/celebrity-news/pictures/everything-will-smith-jada-pinkett-smith-have-said-about-marriage/,Gossip,2023,93.35
1961,03-Jada-Feels-Like-She-Doesnt-Know-Will-Everything-Will-Smith-and-Jada-Pinkett-Smith-Have-Said-About-Their-Marriage.png,www.usmagazine.com/celebrity-news/pictures/everything-will-smith-jada-pinkett-smith-have-said-about-marriage/,Gossip,2023,94.5
1961,04-Jada-Denies-Affair-With-August-Alsina-Everything-Will-Smith-and-Jada-Pinkett-Smith-Have-Said-About-Their-Marriage.png,www.usmagazine.com/celebrity-news/pictures/everything-will-smith-jada-pinkett-smith-have-said-about-marriage/,Gossip,2023,87.2
1961,Everything-Will-Jada-Pinkett-Smith-Have-Said-About-Their-Marriage.png,www.usmagazine.com/celebrity-news/pictures/everything-will-smith-jada-pinkett-smith-have-said-about-marriage/,Gossip,2023,84.78
1961,Everything-Will-Smith-Jada-Pinkett-Smith-Have-Said-About-Their-Marriage-001.png,www.usmagazine.com/celebrity-news/pictures/everything-will-smith-jada-pinkett-smith-have-said-about-marriage/,Gossip,2023,93.79
1961,01-Jada-Changing-Perception-of-Will-Everything-Will-Smith-and-Jada-Pinkett-Smith-Have-Said-About-Their-Marriage.png,www.usmagazine.com/celebrity-news/pictures/everything-will-smith-jada-pinkett-smith-have-said-about-marriage/,Gossip,2023,91.75
1961,Will-Smith-Jada-Pinkett-Smiths-Timeline-003.png,www.usmagazine.com/celebrity-news/pictures/everything-will-smith-jada-pinkett-smith-have-said-about-marriage/,Gossip,2023,69.38
1961,02-Mom-Adrienne-Persuaded-Jada-to-Marry-Will-Everything-Will-Smith-and-Jada-Pinkett-Smith-Have-Said-About-Their-Marriage.png,www.usmagazine.com/celebrity-news/pictures/everything-will-smith-jada-pinkett-smith-have-said-about-marriage/,Gossip,2023,97.8
1984,1652698510-SD_03_T07_4675_F0_X_EC_0.jpg_crop_1.00xw_0.771xh_0_0.png,www.redonline.co.uk/red-women/news-in-brief/a528247/best-fathers-day-celebrity-instagrams/,Gossip,2023,74.59
1984,1649250622-single_rower_update1_2x_a6d58a6f-fb29-4b98-850a-647191008e64_2000x.png_crop_0.670xw_1.00xh_0.png,www.redonline.co.uk/red-women/news-in-brief/a528247/best-fathers-day-celebrity-instagrams/,Gossip,2023,95.66
1984,1653056458-AlwaysPan_Sage_1_ac1f6f9f-d7aa-4aaa-873d-1916ec8593d9.png_crop_0.803xw_1.00xh_0.png,www.redonline.co.uk/red-women/news-in-brief/a528247/best-fathers-day-celebrity-instagrams/,Gossip,2023,99.96
1984,work-bags-65942187d1890.jpg_crop_0.505xw_1.00xh_0.png,www.redonline.co.uk/red-women/news-in-brief/a528247/best-fathers-day-celebrity-instagrams/,Gossip,2023,99.99
1984,winter-scarves-6593fc8e13ea9.jpg_crop_0.505xw_1.00xh_0.png,www.redonline.co.uk/red-women/news-in-brief/a528247/best-fathers-day-celebrity-instagrams/,Gossip,2023,99.79
1984,best-womens-winter-coats-656744e29076d.jpeg_crop_0.505xw_1.00xh_0.png,www.redonline.co.uk/red-women/news-in-brief/a528247/best-fathers-day-celebrity-instagrams/,Gossip,2023,100.0
1984,best-skiwear-65941957425aa.jpg_crop_0.505xw_1.00xh_0.png,www.redonline.co.uk/red-women/news-in-brief/a528247/best-fathers-day-celebrity-instagrams/,Gossip,2023,99.99
1984,best-reiss-sale-658057cb5be2d.jpg_crop_0.503xw_1.00xh_0.png,www.redonline.co.uk/red-women/news-in-brief/a528247/best-fathers-day-celebrity-instagrams/,Gossip,2023,99.84
1984,best-oversized-jumper-womens-6538f8dd6ed16.jpg_crop_0.503xw_1.00xh_0.png,www.redonline.co.uk/red-women/news-in-brief/a528247/best-fathers-day-celebrity-instagrams/,Gossip,2023,97.35
1984,best-knitted-vests-6593fec942e89.jpg_crop_0.505xw_1.00xh_0.png,www.redonline.co.uk/red-women/news-in-brief/a528247/best-fathers-day-celebrity-instagrams/,Gossip,2023,100.0
1984,best-january-sales-65955480cb2fc.jpg_crop_0.png,www.redonline.co.uk/red-women/news-in-brief/a528247/best-fathers-day-celebrity-instagrams/,Gossip,2023,99.99
1984,best-fathers-day-gifts-646e14f411409.jpg_crop_1.00xw_1.png,www.redonline.co.uk/red-women/news-in-brief/a528247/best-fathers-day-celebrity-instagrams/,Gossip,2023,86.73
1984,best-cashmere-loungewear-6548dcda38ffe.jpg_crop_0.503xw_1.00xh_0.png,www.redonline.co.uk/red-women/news-in-brief/a528247/best-fathers-day-celebrity-instagrams/,Gossip,2023,97.43
1984,arket-sale-659554e04bcff.jpg_crop_0.505xw_1.00xh_0.png,www.redonline.co.uk/red-women/news-in-brief/a528247/best-fathers-day-celebrity-instagrams/,Gossip,2023,99.97
1984,best-belted-coat-653faa6fc44e1.jpg_crop_0.502xw_1.00xh_0.png,www.redonline.co.uk/red-women/news-in-brief/a528247/best-fathers-day-celebrity-instagrams/,Gossip,2023,100.0
1984,1653298483-lapochette-sweatbag-midnightink-35-1653298405.png,www.redonline.co.uk/red-women/news-in-brief/a528247/best-fathers-day-celebrity-instagrams/,Gossip,2023,76.68
1984,1653057792-lhcrb-su22-75-p-f-1653057772.jpg_crop_1.00xw_0.784xh_0_0.png,www.redonline.co.uk/red-women/news-in-brief/a528247/best-fathers-day-celebrity-instagrams/,Gossip,2023,99.99
1984,1684932715-benjamin-tiger-wood-sun-front-646e08452aa8c.png,www.redonline.co.uk/red-women/news-in-brief/a528247/best-fathers-day-celebrity-instagrams/,Gossip,2023,98.43
1984,1684933417-hf-y23-r32-w24-uk-ssn14996-3-main-high-1-2-646e0a199a509.png,www.redonline.co.uk/red-women/news-in-brief/a528247/best-fathers-day-celebrity-instagrams/,Gossip,2023,99.68
1984,24b3e6f0-217c-4adc-8908-de8734f7c619_1681766316.png,www.redonline.co.uk/red-women/news-in-brief/a528247/best-fathers-day-celebrity-instagrams/,Gossip,2023,99.77
2008,josh-brolin-thanos-actor.png,www.ibtimes.co.in/deadpool-2s-cable-actor-josh-brolin-used-steroids-beef-videos-734189,Gossip,2017,94.69
2028,gettyimages-1294933293.jpg_crop_1.00xw_1.png,www.biography.com/people/beyonce-knowles-39230,Gossip,2021,99.74
2028,gettyimages-490703338.jpg_crop_1.00xw_1.png,www.biography.com/people/beyonce-knowles-39230,Gossip,2021,97.62
2028,gettyimages-538840086.jpg_crop_1.00xw_1.png,www.biography.com/people/beyonce-knowles-39230,Gossip,2021,53.12
2028,tiger-woods-during-a-trophy-presentation-to-winner-jon-rahm-news-photo-1700499133.jpg_crop_0.718xw_1.00xh_0.png,www.biography.com/people/beyonce-knowles-39230,Gossip,2021,99.99
2050,wherewereyousatc-1528228491.jpg_crop_0.png,www.elle.com/culture/movies-tv/g17765125/timeline-sarah-jessica-parker-kim-cattrall-sex-and-the-city-feud/,Gossip,2023,99.09
2050,sexandthecity-sarahjessicaparker-kimcattrall-gettyimages-809481-1610389156.jpg_crop_0.566xw_0.857xh_0.114xw_0.png,www.elle.com/culture/movies-tv/g17765125/timeline-sarah-jessica-parker-kim-cattrall-sex-and-the-city-feud/,Gossip,2023,79.62
2050,satc-bus-1527116248.jpg_crop_0.png,www.elle.com/culture/movies-tv/g17765125/timeline-sarah-jessica-parker-kim-cattrall-sex-and-the-city-feud/,Gossip,2023,98.4
2050,satc-bugtinder-1528135107.jpg_crop_0.502xw_1.png,www.elle.com/culture/movies-tv/g17765125/timeline-sarah-jessica-parker-kim-cattrall-sex-and-the-city-feud/,Gossip,2023,98.43
2050,satc-2-1527859455.jpg_crop_0.502xw_1.00xh_0.png,www.elle.com/culture/movies-tv/g17765125/timeline-sarah-jessica-parker-kim-cattrall-sex-and-the-city-feud/,Gossip,2023,71.65
2050,elle-celebs-satc-characters-1527796791.jpg_crop_0.502xw_1.00xh_0.png,www.elle.com/culture/movies-tv/g17765125/timeline-sarah-jessica-parker-kim-cattrall-sex-and-the-city-feud/,Gossip,2023,99.89
2050,afa3a1f8-2195-4fc9-8457-844967ff2cce_1687117611.png,www.elle.com/culture/movies-tv/g17765125/timeline-sarah-jessica-parker-kim-cattrall-sex-and-the-city-feud/,Gossip,2023,99.93
2058,1_Top-pic-Template-copy-Recovered-Recovered.png,www.mirror.co.uk/all-about/kris-jenner,Gossip,2023,98.48
2058,0_Kourtney_MAIN.png,www.mirror.co.uk/all-about/kris-jenner,Gossip,2023,99.95
2058,0_kk1.png,www.mirror.co.uk/all-about/kris-jenner,Gossip,2023,70.96
2110,king-charles-iii-takes-afternoon-801115351.png,www.thesun.co.uk/news/3856958/next-line-throne-prince-harry-royal-family-charles-king/,Gossip,2023,99.77
2110,KS-netflix-comp.png,www.thesun.co.uk/news/3856958/next-line-throne-prince-harry-royal-family-charles-king/,Gossip,2023,99.97
2110,newspress-collage-s3xr37k1w-1704304767834.png,www.thesun.co.uk/news/3856958/next-line-throne-prince-harry-royal-family-charles-king/,Gossip,2023,69.43
2205,6d91f94d3316d0ac53c3711f04f38fca_s_164_d_mm_r_g.png,http://occupydemocrats.com/2016/09/22/multiple-witnesses-riot-police-shoot-unarmed-charlotte-protester-head/,Politics,2016,69.28
